序號,更新日期,類別,問題,解答
1,1121002,營業稅的課稅範圍,營業稅的課稅範圍如何？,一、在中華民國境內銷售貨物或勞務（包括向國外購買而在我國境內提供或使用的勞務）。二、進口貨物。（加值型及非加值型營業稅法第1條）                  
2,1121002,營業稅的課稅範圍,營業人進口貨物應否繳納營業稅？,進口貨物除符合加值型及非加值型營業稅法第9條免徵營業稅規定外，均應於進口時由海關代徵營業稅。（加值型及非加值型營業稅法第41條）                                                                  
3,1121002,營業稅的課稅範圍,個人向外國公司購買電子勞務，該公司在我國沒有營業場所，請問由誰繳營業稅？,按加值型及非加值型營業稅法第2條之1規定，外國之事業、機關、團體、組織，在中華民國境內無固定營業場所，銷售電子勞務予中華民國境內自然人者，該外國之事業、機關、團體、組織即為營業稅之納稅義務人。     
4,1121002,營業稅的課稅範圍,我們公司解散了，餘存的貨物，一部分抵債，一部分分配給股東，要不要繳營業稅？,將餘存貨物抵債、分配股東或出資人，均視為銷售貨物，應以時價開立統一發票報繳營業稅。（加值型及非加值型營業稅法第3條） (加值型及非加值型營業稅法施行細則第19條）
5,1121002,營業稅的課稅範圍,外國公司派技師來我國修理機器，其修理費要不要繳稅？,外國公司派技師來我國修理機器，為在中華民國境內銷售勞務，由買受人於給付報酬之次期開始15日內就給付額計算營業稅額繳納，但買受人為依加值型及非加值型營業稅法第4章第1節規定計算稅額之營業人，其購進之勞務，專供經營應稅貨物或勞務之用者，免予繳納；其為兼營第8條第1項免稅貨物或勞務者，繳納之比例，由財政部定之。（加值型及非加值型營業稅法第36條）
6,1121002,營業稅的課稅範圍,外國航運公司在我國載運客貨去美國，要不要課稅？,國際運輸事業自我國境內載運客貨出境者，係在中華民國境內銷售勞務，要課營業稅，但是如果該國際運輸事業所屬的國家，對我國國際運輸事業給予零稅率或免徵類似稅捐者，可以適用零稅率。（加值型及非加值型營業稅法第4條及第7條）
7,1121002,營業稅的課稅範圍,我們公司把自己產製的貨物無償辦理抽獎贈送獎品，算不算銷售貨物？,依規定營業人以其產製、進口、購買之貨物無償移轉他人，應視為銷售貨物，開立統一發票。但供本業及附屬業務使用之贈送樣品、辦理抽獎贈送獎品、銷貨附送贈品，除應設帳記載外，可免開立統一發票。    （財政部75.12.29台財稅字第7523583號函）
8,1121002,營業稅的課稅範圍,由國外直接進入我國保稅區之保稅貨物，算不算進口貨物？,保稅貨物自國外進入我國政府核定之加工出口區、科學工業園區、農業科技園區、自由貿易港區及海關管理之保稅工廠、保稅倉庫、物流中心或其他經目的事業主管機關核准設立且由海關監管之專區，都不視為進口。    （加值型及非加值型營業稅法第5條、第6條之1）
9,1121002,營業稅的課稅範圍,保稅區營業人將保稅貨物售予我國其他應稅地區，要不要課稅？,  政府核定之加工出口區內之區內事業、科學工業園區內之園區事業、農業科技園區內之園區事業、自由貿易港區內之自由港區事業及海關管理之保稅工廠、保稅倉庫、物流中心或其他經目的事業主管機關核准設立且由海關監管之專區事業等保稅區營業人，將保稅貨物自保稅地區進入中華民國境內之其他應稅地區，應屬進口貨物，除符合加值型及非加值型營業稅法第9條規定免徵營業稅外，其應徵之營業稅依加值型及非加值型營業稅法第41條規定由海關代徵。 （加值型及非加值型營業稅法第5條、第6條之1及第41條）
10,1121002,營業稅的課稅範圍,受託人依信託本旨管理或處分信託財產，如有銷售貨物或勞務，應否課稅？,受託人依信託本旨管理或處分信託財產，如有銷售貨物或勞務應依法辦理稅籍登記，其銷售額除符合加值型及非加值型營業稅法第8條之1規定，免徵營業稅外，應由受託人依法開立統一發票及報繳營業稅。至於受託人依信託本旨，將管理或處分信託財產之收益交付受益人，核非屬受益人銷售貨物或勞務之代價，受益人免開立統一發票並免徵營業稅。       （財政部92.2.26台財稅字第0920451148號令）
11,1121002,營業稅的課稅範圍,個人參加多層次傳銷事業，應否課稅？,個人參加多層次傳銷事業，因直接向該事業進貨或購進商品累積積分額（或金額）達一定標準，而自該事業取得之業績獎金或各種補助費，核屬營業稅法施行細則第23條規定之獎勵金，該多層次傳銷事業應取得個人參加人出具之「銷貨退回、進貨退出或折讓證明單」按銷貨折讓處理。該多層次傳銷事業並應依規定，辦理個人參加人其他所得免扣繳憑單申報，惟該項支付之獎勵金於申報營利事業所得稅時，不得再重複列報支出。      （財政部92.9.18台財稅字第0920453777號令）
12,1121002,營業稅的課稅範圍,醫院出租財產取得之租金收入，應否課徵營業稅？, 醫院出租財產取得租金收入，應依法課徵營業稅，免由承租人依所得稅法第88條規定按給付之租金扣繳所得稅款。（財政部88.9.23台財稅第881945819號函）
13,1121002,營業稅的課稅範圍,個人從事出租建物行為，收取租金，應否課徵營業稅？,個人出租自有建物或承租他人建物再出租予第三人，有下列情形之一者，自 98年1月1日起，應辦理稅籍登記，課徵營業稅：一、設有固定營業場所（含設置有形之營業場所或設置網站）。二、具備「營業牌號」（不論是否已依法辦理登記）。 三、僱用人員協助處理房屋出租事宜。未符合上述情形者，應依所得稅法第14條規定，按租賃所得課徵個人綜合所得稅。（財政部97.11.05台財稅字第09704555660號令）
14,1121002,營業稅的課稅範圍,營業人以設備作價抵繳認購他公司增資發行新股股款，是否屬銷售貨物行為？,營業人以設備作價抵繳認購他公司增資發行新股股款，核屬銷售貨物行為，應依加值型及非加值型營業稅法第32條第1項前段及同法施行細則第18條規定，以換出設備或取得新股之時價，從高認定銷售額，開立統一發票交付被投資公司。（財政部98.1.23台財稅字第09804510720號令）
15,1121002,營業稅的課稅範圍,科學園區管理局所收取的管理費要課營業稅嗎？,科技部科學工業園區管理局依科學園區設置管理條例第29條第1項規定，向園區內設立之園區事業、金融機構及其他機構收取之管理費，核非銷售貨物或勞務之收入，非屬營業稅課稅範圍。（財政部104.7.24台財稅字第10404567420號令）
16,1121002,營業稅的課稅範圍,證券商接受投資人委託買賣外國有價證券如何課徵營業稅？,國內證券商接受投資人委託買賣外國有價證券，其所收取之手續費收入，如國內證券商與委託人間訂有代收轉付合約者，可按扣除轉付國外手續費後之差額，報繳 2％營業稅。至前開國內證券商代收轉付國外之手續費，其委託人如屬國內投資人者，該委託人應依加值型及非加值型營業稅法第36條規定報繳營業稅，惟前開國內證券商得代為報繳之。   （財政部98.5.22台財稅字第09804529880號令）            
17,1121002,營業稅的課稅範圍,營業人為進用員工對外舉辦考試，所收取與考試相關之報名費、考試費等收入，要課營業稅嗎？,營業人為進用員工對外舉辦考試，所收取與考試相關之報名費、考試費等收入，非屬營業稅課稅範圍。（財政部98.5.22台財稅字第09800087850號令）      
18,1121002,營業稅的課稅範圍,大眾運輸事業領受政府補貼偏遠路線營運虧損及油價價差之收入要課營業稅嗎？,自98年6月12日起，大眾運輸事業領受政府補貼偏遠路線營運虧損及油價價差之收入，核非屬營業稅課稅範圍。（財政部98.9.18台財稅字第09804076320號令）
19,1121002,營業稅的減免範圍,什麼叫做零稅率？免稅？進口免稅？ ,一、零 稅 率：銷售貨物或勞務所適用的營業稅率為零，由於銷項稅額為零，如有溢付稅額，得在退稅限額內由主管稽徵機關查明後退還。 二、免    稅：銷售貨物或勞務在銷售階段時免徵營業稅，但進項稅額不能扣抵或退還。三、進口免稅：屬加值型及非加值型營業稅第九條規定進口貨物於進口時免徵營業稅。
20,1121002,營業稅的減免範圍,適用「零稅率」的貨物或勞務有那些？,一、外銷貨物。二、與外銷有關之勞務，或在國內提供而在國外使用之勞務。三、依法設立之免稅商店銷售與過境或出境旅客之貨物。四、銷售與保稅區營業人供營運之貨物或勞務。五、國際間之運輸。但外國運輸事業在中華民國境內經營國際運輸業務者，應以各該國對中華民國國際運輸事業予以相等待遇或免徵類似稅捐者為限。 六、國際運輸用之船舶、航空器及遠洋漁船。七、銷售與國際運輸用之船舶、航空器及遠洋漁船所使用之貨物或修繕勞務。八、保稅區營業人銷售與課稅區營業人未輸往課稅區而直接出口之貨物。九、保稅區營業人銷售與課稅區營業人存入自由港區事業或海關管理之保稅倉庫、物流中心以供外銷之貨物。（加值型及非加值型營業稅法第7條）
21,1121002,營業稅的減免範圍,那些貨物或勞務可以免徵營業稅？  ,一、出售之土地。    二、供應之農田灌溉用水。   三、醫院、診所、療養院提供之醫療勞務、藥品、病房之住宿及膳食。 四、依法經主管機關許可設立之社會福利團體、機構及勞工團體，提供之社會福利勞務及政府委託代辦之社會福利勞務。  五、 學校、幼稚園與其他教育文化機構提供之教育勞務及政府委託代辦之文化勞務。 六、出版業發行經主管教育行政機關審定之各級學校所用教科書及經政府依法獎勵之重要學術專門著作。 七、(刪除)。 八、職業學校不對外營業之實習商店銷售之貨物或勞務。九、 依法登記之報社、雜誌社、通訊社、電視臺與廣播電臺銷售其本事業之報紙、出版品、通訊稿、廣告、節目播映及節目播出。 但報社銷售之廣告及電視臺之廣告播映不包括在內。十、合作社依法經營銷售與社員之貨物或勞務及政府委託其代辦之業務。十一、農會、漁會、工會、商業會、工業會依法經營銷售與會員之貨物或勞務及 政府委託其代辦之業務，或依農產品市場交易法設立且農會、漁會、合作社、政府之投資比例合計占70﹪以上之農產品批發市場，依同法第27條規定收取之管理費。十二、 依法組織之慈善救濟事業標售或義賣之貨物與舉辦之義演，其收入除支付標售、義賣及義演之必要費用外，全部供作該事業本身之用者。十三、 政府機關、公營事業及社會團體，依有關法令組設經營不對外營業之員工福利機構，銷售之貨物或勞務。十四、監獄工廠及其作業成品售賣所銷售之貨物或勞務。十五、郵政、電信機關依法經營之業務及政府核定之代辦業務。十六、政府專賣事業銷售之專賣品及經許可銷售專賣品之營業人，依照規定價格銷售之專賣品。 十七、代銷印花稅票或郵票之勞務。 十八、肩挑負販沿街叫賣者銷售之貨物或勞務。十九、 飼料及未經加工之生鮮農、林、漁、牧產物、副產物；農、漁民銷售其收穫、捕獲之農、林、漁、牧產物、副產物。   二十、漁民銷售其捕獲之魚介。二十一、稻米、麵粉之銷售及碾米加工。二十二、依營業稅法規定按特種稅額計算之營業人，銷售其非經常買進、賣出而持有之固定資產。二十三、保險業承辦政府推行之軍公教人員與其眷屬保險、勞工保險、學生保險、農、漁民保險、輸出保險及強制汽車第3人責任保險，以及其自保費收入中扣除之再保分出保費及人壽保險提存之責任準備金、年金保險提存之責任準備金及健康保險提存之責任準備金。但人壽保險、年金保險、健康保險退保收益及退保收回之責任準備金，不包括在內。二十四、各級政府發行之債券及依法應課徵證券交易稅之證券。二十五、各級政府機關標售賸餘或廢棄之物資。二十六、銷售與國防單位使用之武器、艦艇、飛機、戰車及與作戰有關之偵察、通訊器材。二十七、肥料、農業、畜牧用藥、農耕用之機器設備、農地搬運車及其所用油、電。二十八、供沿岸、近海漁業使用之漁船、供漁船使用之機器設備、漁網及其用油。二十九、銀行業總、分行往來之利息、信託投資業運用委託人指定用途而盈虧歸委託人負擔之信託資金收入及典當業銷售不超過應收本息之流當品。三十、金條、金塊、金片、金幣及純金之金飾或飾金。但加工費不在此限。三十一、經主管機關核准設立之學術、科技研究機構提供之研究勞務。三十二、經營衍生性金融商品、公司債、金融債券、新臺幣拆款及外幣拆款之銷售額。但佣金及手續費不包括在內。（加值型及非加值型營業稅法第8條第1項）                 
22,1121002,營業稅的減免範圍,我是銷售依規定免稅貨物的營業人，可否放棄適用免稅而改為課稅？,可以，請向所在地國稅局分局、稽徵所申請，報經財政部核准放棄適用免稅規定，改以營業稅法規定之一般稅額計算方式計算營業稅額，但核准後3年內不得變更。（加值型及非加值型營業稅法第8條第2項）
23,1121002,營業稅的減免範圍,進口那些貨物可以免徵營業稅？,一、進口以下貨物免徵營業稅：(1)國際運輸用之船舶、航空器、遠洋漁船、肥料及金條、金塊、 金片、金幣、純金之金飾或飾金。(2)關稅法第49條規定之貨物。但因轉讓或變更用途依照同法第55 條規定補繳關稅者，應補繳營業稅。(3)本國之古物。二、另為因應經濟特殊情況，調節物資供應，對進口小麥、大麥、玉米或黃豆應徵之營業稅，得由行政院機動調整。    （加值型及非加值型營業稅法第9條及第9條之1）
24,1121002,營業稅的減免範圍,營業人購進自用乘人小汽車出售時可否免徵營業稅？,營業人所購買之自用乘人小汽車，日後出售時，應開立統一發票報繳營業稅。（財政部80.1.7台財稅第790459873號函）
25,1121002,營業稅的減免範圍,那些人屬於執行業務者？,指律師、會計師、建築師、技師、醫師、藥師、助產師（士）、醫事檢驗師（生）、程式設計師、精算師、不動產估價師、物理治療師、職能治療師、營養師、心理師、地政士、記帳士、著作人、經紀人、代書人、表演人、引水人、節目製作人、商標代理人、專利代理人、仲裁人、記帳及報稅代理人、書畫家、版畫家、命理卜卦、工匠、公共安全檢查人員、民間公證人及其他以技藝自力營生者。（加值型及非加值型營業稅法施行細則第6條）
26,1121002,營業稅的減免範圍,適用零稅率的營業人，應該具備那些證明文件？,一、以貨物外銷者，除報經海關出口者免檢附證明文件外，委由郵政機構或依快遞貨物通關辦法規定經海關核准登記之快遞業者出口者，其離岸價格在新臺幣5萬元以下，為郵政機構或快遞業者掣發之執據影本；其離岸價格超過新臺幣5萬元，仍應報經海關出口，免附證明文件。二、與外銷有關之勞務，或在國內提供而在國外使用之勞務，取得外匯結售或存入政府指定之銀行者，為政府指定外匯銀行掣發之外匯證明文件；取得外匯未經結售或存入政府指定之銀行者，為原始外匯收入款憑證影本。三、依法設立之免稅商店銷售貨物與過境或出境旅客者，為經監管海關核准以電子媒體儲存載有過境或出境旅客護照或旅行證件號碼之售貨單。但設在國際機場、港口管制區內之免稅商店，其售貨單得免填列過境或出境旅客護照或旅行證件號碼。四、銷售貨物或勞務與保稅區營業人供營運使用者，除報經海關視同出口之貨物，免檢附證明文件外，為各該保稅區營業人簽署之統一發票扣抵聯。五、經營國際間之運輸者，為載運國外客貨收入清單。 六、銷售國際運輸用之船舶、航空器及遠洋漁船者，為銷售契約影本。七、銷售貨物或提供修繕勞務與國際運輸用之船舶、航空器及遠洋漁船者，除報經海關出口之貨物，免檢附證明文件外，為海關核發已交付使用之證明文件或修繕契約影本。八、保稅區營業人銷售貨物與課稅區營業人未輸往課稅區而直接出口者，為銷售契約影本、海關核發之課稅區營業人報關出口證明文件。九、保稅區營業人銷售貨物與課稅區營業人存入自由港區事業或海關管理之保稅倉庫、物流中心以供外銷者，為銷售契約影本、海關核發之視同出口或進口證明文件。十、其他經財政部核定之證明文件。 (加值型及非加值型營業稅法施行細則第11條)
27,1121002,營業稅的減免範圍,保稅區營業人銷貨至國內課稅區，處理手續如何？ ,依規定保稅貨物自保稅區進入中華民國境內之其他地區者為進口，故保稅區營業人銷售貨物至國內課稅區，課稅區之買受人應按進口貨物報關程序規定，填具進口報單向海關申報，並由海關依法代徵營業稅者，免由保稅區營業人開立統一發票。(加值型及非加值型營業稅法第5條第2款、第6條之1)、(財政部75.4.19台財稅第7541699號函）
28,1121002,營業稅的減免範圍,營業人出售下腳、廢料等是否應繳營業稅？,營業人出售下腳、廢料等取得代價，係屬銷售貨物，應依法報繳營業稅。
29,1121002,營業稅的減免範圍,遠洋漁船及銷售給遠洋漁船使用之貨物或修繕勞務，適用零稅率之認定標準？其證明文件為何？,一、加值型及非加值型營業稅法（以下簡稱營業稅法）第7條第6款及第7款所稱「遠洋漁船」，指經漁業主管機關依遠洋漁業條例規定，核發遠洋漁業作業許可之漁船（含漁獲物運搬船）。二、營業人銷售與前點規定遠洋漁船使用之貨物或修繕勞務，應於所開立統一發票「備註」欄載明買受人遠洋漁業作業許可證書編號、中文船名及漁船統一編號，由買受人在該發票扣抵聯（買受人為個人之收執聯影本）載明「本發票所列貨物（或修繕勞務），確係本公司（行號）或本人購買供遠洋漁船使用」字樣，並加蓋印章，以作為依營業稅法第7條第7款規定適用零稅率之證明文件。三、建造中漁船按下列規定適用零稅率：（一）本令發布日（含）後，經漁業主管機關核准建造之漁船，造船業者建造該漁船期間取得之工程款收入，准憑漁業主管機關核發載有作業海域為「公海」或「經核准之外國海域」之核准建造文件、漁船建造合約及相關證明文件，於申報工程款收入當期依營業稅法第7條第6款規定適用零稅率。造船業者所在地主管稽徵機關應予列管，漁船建造完成後如因不可歸責於造船業者之原因，致未取得漁業主管機關核發遠洋漁業作業許可者，應向造船業者補徵營業稅，但免予處罰。（二）本令發布前，經漁業主管機關核准建造達100噸之漁船，於本令發布日（含）後始建造完成者，不論該漁船是否取得漁業主管機關核發遠洋漁業作業許可，造船業者建造該漁船期間取得之工程款收入，均得依營業稅法第7條第6款規定適用零稅率。（財政部108.7.26台財稅第10800519300號令）
30,1121002,營業稅的減免範圍,公司購入零件利用自有人力製造機器自用，是否要繳營業稅？,公司購入零組件，利用自有人力製成自用機器，既非供銷售之貨物，依法可免開統一發票報繳營業稅。（財政部75.3.31台財稅第7535787號函）
31,1121002,營業稅的減免範圍,合作社經營政府委託代辦業務收入是否免稅？,合作社依法經營銷售與社員之貨物或勞務及政府委託其代辦之業務，免徵營業稅。（加值型及非加值型營業稅法第8條第1項第10款）
32,1121002,營業稅的減免範圍,甲公司介紹乙公司向國外進口原料，取得國外出口商給付之外匯佣金收入，可否適用零稅率？,營業人介紹國內營業人向國外廠商進口原料等，取得之外匯佣金收入，非屬零稅率之適用範圍。（財政部75.5.5台財稅第7545545號函）
33,1121002,營業稅的減免範圍,營業人銷售與保稅區營業人供營運之貨物或勞務，應如何提供零稅率證明文件？, 營業人銷售與保稅區營業人供營運之貨物或勞務，除報經海關視同出口之貨物，免檢附證明文件，應由該營業人（賣方）將所開立之統一發票扣抵聯交由買受人（買方）於該聯空白處或背面簽署「本發票所列貨物或勞務確係本事業（工廠、倉庫）購買符合加值型及非加值型營業稅法第7條第4款及同法施行細則第7條之1第2項規定供營運之貨物或勞務無訛」字樣，並加蓋買受人統一發票專用章，作為適用零稅率之證明文件。（財政部100.11.7.台財稅字第10004520850號令）（加值型及非加值型營業稅法第7條第4款）
34,1121002,營業稅的減免範圍,營業人接受國外客戶訂購貨物後，轉向第三國供應商訂貨並由其直接對上開國外客戶交貨者，所賺取信用狀差額，能否適用零稅率？,該經營三角貿易之營業人按收付信用狀之差額，視為佣金或手續費收入，並依照營業稅法第7條第2款規定，適用零稅率。（財政部75.7.29台財稅7555603號函）一、應按列帳方式區分： (一)該經營三角貿易之營業人，如按收付信用狀之差額視為佣金或手續費收入列帳者，得按其收付差額申報營業稅銷售額，並依照營業稅法第7條第2款規定，檢附外匯證明文件及相關交易證明文件（如：國外客戶及第三國供應商訂貨單、提貨單或出貨單...等）適用零稅率。（財政部75.7.29台財稅第7555603號、78.11.23台財稅780691662號函） (二)該經營三角貿易之營業人，如與國外客戶及供應商分別簽訂獨立買賣合約，且其貨款係按進銷貨全額匯出及匯入者，得按進銷貨科目列帳，則該筆交易因貨物起運地及交付地均不在中華民國境內，故非屬營業稅課稅範圍，無需列報營業稅銷售額。（財政部賦稅署88.8.5台稅二發第881933421號函）二、交易究屬居間或買賣得依帳載方式認定：（財政部93.9.3台財稅字第09304525270號、94.10.4台財稅字第09404551250號函） (一)經營前開三角貿易之國內營業人，如不負擔貨物之瑕疵擔保責任，核屬「居間」行為，應以收付差額認列佣金收入，並檢具證文件申報營業稅零稅率銷售額。 (二)經營前開三角貿易之國內營業人，如負擔貨物之瑕疵擔保責任，核屬「買賣」行為，應以收付全額分別認列進貨成本及銷貨收入，無需申報營業稅。(三)就前開營業人之交易究屬居間或買賣，得依其帳載認定，如以佣金收入列帳者，係屬「居間」行為，於申報營業稅時，按收付差額認列佣金收入，適用零稅率；如以進、銷貨列帳者，係屬「買賣」行為，則該筆交易非屬營業稅課稅範圍，無需列報營業稅銷售額。
35,1121002,營業稅的減免範圍,營業人銷售（提供）適用零稅率之貨物或勞務，逾規定時限開立統一發票，是否仍可適用零稅率？,營業人銷售（提供）適用零稅率之貨物或勞務，除外銷貨物、與外銷有關之勞務或在國內提供而在國外使用之勞務及保稅區營業人銷售與課稅區營業人未輸往課稅區而直接出口之貨物，得免開立統一發票者外，逾規定時限開立統一發票，如具備營業稅法施行細則第11條規定之證明文件，檢同「營業人申報適用零稅率銷售額清單者」，仍准予依法適用零稅率。又逾期開立統一發票而不涉及漏稅，於檢舉或查獲日前已自動補開並補報者，免依稅捐稽徵法第44條規定處罰。（稅務違章案件減免處罰標準第2條第3款）
36,1121002,營業稅的減免範圍,辦理三角貿易之佣金手續費收入適用零稅率之證明文件為何？,營業人接受國外客戶訂購貨物後，向第三國供應商進口貨物，辦理轉運與國外客戶之三角貿易，該營業人得按收付信用狀之差額，視為佣金或手續費收入列帳並適用零稅率；至證明文件部分，營業人可檢附進、出口結匯證實書及國內外信用狀影本，申報主管稽徵機關核定適用零稅率。（財政部77.8.18台財稅第770572584號函）
37,1121002,營業稅的減免範圍,學校辦理產學合作取得之收入，可否免徵營業稅？,一、專科以上學校（下稱學校）係教育部依大學法及專科學校法核定設立之教育及學術研究機構，其辦理產學合作（指依「專科以上學校產學合作實施辦法」規定辦理合作事項，或依「政府科學技術研究發展成果歸屬及運用辦法」規定執行科學技術研究發展計畫，下同）取得收入之營業稅課徵，應按「專科以上學校辦理產學合作收取之各項收入依加值型及非加值型營業稅法第8條規定徵免營業稅規定」辦理。二、學校辦理產學合作取得之收入，依前點規定應課徵營業稅者，以簽約日於109年7月1日（含）以後之案件適用。三、本令發布日前，學校辦理產學合作取得之收入，已依財政部108年1月8日台財稅字第10700704180號令規定報繳營業稅，尚未核課確定案件，得適用本令規定，其有溢繳稅款者，准予退還。（財政部109.2.26台財稅第10804666690號令）
38,1121002,營業稅的減免範圍,立案補習班之教育勞務，應否課徵營業稅？,依法向教育主管機關申請核准登記或立案之短期補習班，其所提供之教育勞務，可依加值型及非加值型營業稅法第8條第1項第5款規定免徵營業稅。惟其購買貨物所支付之進項稅額，亦不得申請退還。（財政部75.9.8台財稅第7549419號函）
39,1121002,營業稅的減免範圍,銷售報紙或雜誌應否課徵營業稅？,營業人銷售本國報紙（新聞紙）、雜誌（定期刊物），及自外國進口之報紙（新聞紙）、雜誌（定期刊物）經政府主管機關認許者，均應予以免徵營業稅。（財政部75.8.20台財稅第7560245號函）
40,1121002,營業稅的減免範圍,營業人銷售稻米混合包裝米，應否課稅？,營業人銷售稻米混合包裝米，如其內容均屬免稅之稻米，尚無與其他非稻米之貨品混合包裝，既未改變其原始性狀，更非米製品加工，准免徵營業稅。（財政部92.10.15台財稅字第0920456803號函）
41,1121002,營業稅的減免範圍,多角貿易按信用狀差額開立發票可否適用零稅率？,甲公司接獲國外客戶訂購貨物後，向國內廠商丙公司訂貨，丙公司復轉向第三國供應商訂貨，並委由第三國供應商直接對首開國外客戶交貨之情形，該甲公司可依財政部75年7月29日台財稅第7555603號函規定，按收付信用狀之差額，視為佣金或手續費收入開立統一發票列帳，並依營業稅法第7條第2款規定適用零稅率。至丙公司部分，應以收取甲公司之貨款與支付第三國供應商貨款之差額，為佣金收入，並至遲應於收到第三國供應商出貨單據（如提貨單等）之日起3日內開立統一發票，其與甲公司及向第三國供應商訂貨之有關文件，應妥慎保存，以供稽徵機關查核。（現行外銷勞務得免開立統一發票）（財政部79.6.30台財稅第790647491號函）
42,1121002,營業稅的減免範圍,營業人銷售與自由貿易港區事業供營運之貨物，如何提供零稅率證明文件？,課稅區或保稅區之營業人（賣方）銷售與自由港區事業供營運之貨物、勞務及自用機器、設備，其營業稅依自由貿易港區設置管理條例第28條第1項第1款及第4款規定適用零稅率者，除報經海關視同出口者免檢附證明文件外，應將開立之統一發票扣抵聯，交由自由港區事業（買方）依實際購買用途於空白處或背面簽署「本證明文件（或發票）所列貨物、勞務或自用機器、設備確係本事業購買符合自由貿易港區設置管理條例第28條第1項第1款及第4款規定供營運之貨物（或勞務、自用機器、設備）無訛」字樣，並加蓋買受人統一發票專用章，作為適用零稅率之證明文件。（財政部97.3.19台財稅字第09704518580號令）         (財政部101.5.24台財稅字第10104557440號令)
43,1121002,營業稅的減免範圍,營業人甲接受乙訂貨轉向國外廠商丙訂貨，並以乙名義進口，甲應如何開立發票？,國內營業人（甲）接受國內買受人（乙）訂貨，轉向國外廠商（丙）訂貨，並直接以乙買受人名義報關進口之交易型態，甲應按其收取轉付差額視為佣金收入或按其所取得之佣金收入，開立應稅二聯式統一發票。        （財政部97.10.29台財稅字第09704550620號令）
44,1121002,營業稅的減免範圍,保稅區營業人接受國外客戶訂購保稅貨物依其指示運交課稅區買受人可適用零稅率嗎？,保稅區營業人接受國外客戶訂購保稅貨物，並依其指示將該保稅貨物運交指定之國內課稅區買受人，且取得外匯收入者，其營業稅可適用零稅率。         (財政部91.6.6台財稅字第0910453451號令)(財政部96.6.29台財稅字第09604530290號令)(財政部101.5.24台財稅字第10104557440號令)
45,1121002,營業稅的減免範圍,免徵營業稅的飼料需合於那些規定？,依加值型及非加值型營業稅法第8條第1項第19款規定免徵營業稅之飼料，係指飼料管理法第3條所稱飼料。有下列情形之一，得認定之： 一、辦妥飼料製造登記證或飼料輸入登記證，且該等登記證尚在有效期限內者。二、符合經濟部公告飼料類國家標準（CNS）者。三、外包裝或容器標示內容足資證明係供飼料使用者。四、其他相關交易文件等資料足資證明係供飼料使用者。五、經行政院農業委員會個案認定者。（財政部98.7.13台財稅字第09804549680號令）       
46,1121002,營業稅的減免範圍,學校向外承租房屋做為學生及教職員工宿舍，並向師生收取相關費用，要課營業稅嗎？       ,學校向外承租房屋做為學生及教職員工宿舍，並向師生收取相關費用，核非屬招商承包，依加值型及非加值型營業稅法第8條第1項第5款規定免徵營業稅。（財政部98.9.24台財稅字第09804560500號令）
47,1121002,營業稅的減免範圍,各直轄市、縣(市)政府所屬學校辦理課後照顧服務，屬營業稅課徵範圍嗎？,依兒童及少年福利與權益保障法設立之兒童課後照顧服務班與兒童課後照顧服務中心，提供同法規定之兒童課後照顧服務，依加值型及非加值型營業稅法第8條第1項第4款規定，免徵營業稅。（財政部107.02.01台財稅字第10600737880號令）
48,1121002,營業稅的減免範圍,營業人甲接受保稅區乙訂貨轉向國外廠商丙訂貨，並以乙名義進口，甲應如何開立發票？,國內營業人（甲）接受國內買受人（乙）訂貨，轉向國外廠商（丙）訂貨，並直接以買受人（乙）名義報關進口之交易型態，如買受人（乙）係保稅區營業人，且該貨物之使用符合加值型及非加值型營業稅法第7條第4款及同法施行細則第7條之1第2項規定者，營業人（甲）得按其收取轉付差額或取得之收入，開立零稅率二聯式統一發票，並持憑經買受人（乙）簽署「進口該貨物確係符合加值型及非加值型營業稅法第7條第4款及同法施行細則第7條之1第2項規定供營運之貨物無訛」字樣及加蓋其統一發票專用章之海關核發進口報單副本，申報適用零稅率。（財政部104.05.13台財稅字第10404516320號令）
49,1121002,營業稅稅額應如何計算,營業人的那些進項稅額不得扣抵銷項稅額？,一、購進之貨物或勞務未依規定取得並保存加值型及非加值型營業稅法第33條規定之憑證者。二、非供本業及附屬業務使用之貨物或勞務。但為協助國防建設、慰勞軍隊及對政府捐獻者，不在此限。三、交際應酬用之貨物或勞務。四、酬勞員工個人之貨物或勞務。 五、自用乘人小汽車。六、營業人專營第8條第1項免稅貨物或勞務者，其進項稅額不得申請退還，兼營第8條第1項免稅貨物或勞務，或因本法其他規定而有部分不得扣抵情形者，其進項稅額不得扣抵銷項稅額之比例與計算辦法，由財政部定之。七、統一發票扣抵聯經載明「違章補開」者，但該統一發票係因買受人檢舉而補開者不在此限。八、營業人進口貨物，被海關查獲短報進口貨物完稅價格，涉有營業稅法第51條第1項各款漏稅處罰情事而追繳稅款，經海關補徵之營業稅額。九、保稅區營業人或海關管理之免稅商店、離島免稅購物商店辦理保稅貨物盤存，實際盤存數量少於帳面結存數量，經海關補徵之營業稅額。九、保稅區營業人或海關管理之免稅商店、離島免稅購物商店辦理保稅貨物盤存，實際盤存數量少於帳面結存數量，經海關補徵之營業稅額。（加值型及非加值型營業稅法第19條及同法施行細則第30條）                            
50,1121002,營業稅稅額應如何計算,我本來是查定課徵的小規模營業人，現在想改為使用統一發票，按進銷項差額報繳營業稅可以嗎？ ,可向所轄稽徵機關申請按加值型及非加值型營業稅法第4章第1節規定計算營業稅額，並依第35條規定申報繳納，但經核准後三年內不得申請變更。（加值型及非加值型營業稅法第24條） 
51,1121002,營業稅稅額應如何計算,查定課徵的營業人，要保留進貨憑證嗎？有何好處？     ,查定課徵的營業人，購買營業上使用之貨物或勞務，取得載有營業稅額的憑證，並依規定於1、4、7、10月之5日前申報，即可將進項稅額10％，在查定稅額內扣減，但查定稅額未達起徵點者不適用，前項稅額10％超過查定稅額者，次期得繼續扣減。但未依前項規定期限申報，或非當期各月分進項憑證，不得扣減查定稅額。       （加值型及非加值型營業稅法第25條及同法施行細則第44條） 
52,1121002,營業稅稅額應如何計算,營業人以分期付款方式銷售貨物，如何計算銷售額？,營業人分期付款銷貨，除約定收取第1期價款時以全部應收取之價款為銷售額外，應以各期收取之價款為銷售額，惟事後買受人有未依約支付價款之情形者，因貨物既經交付，仍應依期開立統一發票報繳營業稅。（加值型及非加值型營業稅法施行細則第20條）（財政部75.9.27台財稅第7526966號函）
53,1121002,營業稅稅額應如何計算,按銷貨契約取得之獎勵金應如何處理？,營業人依經銷契約取得或支付之獎勵金，應按進貨或銷貨折讓處理。（加值型及非加值型營業稅法施行細則第23條）
54,1121002,營業稅稅額應如何計算,進項稅額不能扣抵銷項稅額的自用乘人小汽車是指那種汽車？,係指非供銷售或提供勞務使用之9人座以下乘人小客車。（加值型及非加值型營業稅法施行細則第26條第2項）
55,1121002,營業稅稅額應如何計算,進項稅額憑證當期未及申報，可延期申報嗎？,進項稅額憑證未於當期申報者，得延至次期申報扣抵，次期仍未申報者，應於申報扣抵當期敘明理由。但前揭憑證之申報扣抵期間，以10年為限。 （加值型及非加值型營業稅法施行細則第29條）
56,1121002,營業稅稅額應如何計算,公司購供員工使用之茶葉、衛生紙等物品其進項稅額可否扣抵？,營業人購買放置於營業場所供全體員工使用之物品如茶葉、衛生紙、香皂、消費用品用具等可以扣抵，但福利性質如球鞋等，係酬勞員工個人之貨物，則不可扣抵。（加值型及非加值型營業稅法第19條第1項第4款)（財政部75.10.3台財稅第7567454號函）
57,1121002,營業稅稅額應如何計算,營業人辦理員工伙食之進項稅額可否扣抵？,營業人辦理員工伙食購買主、副食品、水電、瓦斯等之進項稅額均不可扣抵。（財政部75.10.2台財稅第7526396號函）
58,1121002,營業稅稅額應如何計算,本公司進項憑證可否編列明細表代替扣抵聯申報？,營業人符合下列條件之一者，得向稽徵機關申請以進項憑證編列之明細表，代替進項稅額扣抵聯申報。 一、營利事業所得稅委託會計師查核簽證申報者。二、經核准使用藍色申報書申報營利事業所得稅者。三、股份有限公司組織，且股票已上市者。四、連續營業3年以上，每年營業額達1億元以上，且申報無虧損者。 五、進項憑證扣抵聯數量龐大者。（加值型及非加值型營業稅法施行細則第38條第3項）
59,1121002,營業稅稅額應如何計算,營業人租用辦公室所支付水、電費未載明營業人名稱可否扣抵？,一、公用事業自105年1月1日起經營本業部分之銷售額，依規定應開立統一發票，營業人用戶繳納承租房屋之公用事業費用時，其繳費通知單或已繳費憑證抬頭為105年1月以後，應取得以載明其名稱、地址及統一編號之公用事業統一發票，才可以扣抵銷項稅額。二、財政部78.9.9台財稅第780276657號函釋，營業人於不動產租賃期間之水電費，憑證名義雖為出租人，如雙方約定由承租人使用支付，該水電費營業稅額，可以檢具水電費收據扣抵聯申報扣抵銷項稅額。考量營業人用戶需時日向公用事業申請變更買受人名義，營業人承租房屋繳納公用事業費用時，繳費通知單或已繳費憑證抬頭為107年6月以前，得比照上開函釋規定辦理；繳費通知單或已繳費憑證抬頭為107年7月以後，則應取具以載明其名稱、地址及統一編號之統一發票申報扣抵。（加值型及非加值型營業稅法第33條及施行細則第38條）（財政部78.9.9台財稅第780276657號函） (財政部106.1.12台財稅字第10500706630號令） 
60,1121002,營業稅稅額應如何計算,營業人向小規模營業人取得進貨憑證可否扣抵？,小規模營業人開立之銷售收據，因小規模營業人不屬於進銷扣抵計算稅額之營業人，其憑證未載有營業稅額，故不得作為扣抵銷項稅額憑證。 
61,1121002,營業稅稅額應如何計算,購買員工制服、工作鞋所負擔進項稅額可否扣抵？,如係員工在工作場所穿著者，可依法扣抵，如係假借工作服之名，而非在工作場所穿著者，不能扣抵。（財政部賦稅署75.4.10台稅二發第7523166號函）
62,1121002,營業稅稅額應如何計算,水、電、瓦斯、電信公司等公用事業所開立之收據可否扣抵？,一、公用事業自105年1月1日起經營本業部分之銷售額，依規定應開立統一發票，營業人用戶繳納承租房屋之公用事業費用時，其繳費通知單或已繳費憑證抬頭為105年1月以後，應取得以載明其名稱、地址及統一編號之公用事業統一發票，才可以扣抵銷項稅額。二、繳費通知單或已繳費憑證抬頭為104年12月以前者，則以載有買受人名稱、地址及統一編號之水、電、瓦斯、電信等公用事業開立載有營業稅額之收據扣抵聯扣抵。（加值型及非加值型營業稅法施行細則第38條第1項第8款）
63,1121002,營業稅稅額應如何計算,營業人與他人共同分攤水、電、瓦斯、電信費用時，應如何分攤扣抵？,營業人須與他人共同分攤之水、電、瓦斯等費用所支付之進項稅額，如繳費通知單或已繳費憑證抬頭為104年12月以前者，則以收據扣抵聯之影本及分攤費用稅額證明單扣抵。如繳費通知單或已繳費憑證抬頭為105年1月以後者，為統一發票之影本及分攤費用稅額證明單；其為雲端發票者，為載有發票字軌號碼或載具流水號之分攤費用稅額證明單。（加值型及非加值型營業稅法施行細則第38條第1項第8、9款）
64,1121002,營業稅稅額應如何計算,員工出差取得運輸事業開立之火（汽）車、高鐵、船舶、飛機等收據或票根可否扣抵？用何憑證？,可以扣抵，以載有營業稅額之收據或票根之影本作為憑證。（加值型及非加值型營業稅法施行細則第38條第1項第10款）
65,1121002,營業稅稅額應如何計算,報社廣告費可否扣抵？,營業廣告費收入採用三聯式收據，其第2聯扣抵聯，由廣告客戶作為進項扣抵憑證。分類廣告費收入採用兩聯式收據，不得作為進項之扣抵憑證，但可作為營業人之費用支出憑證。（財政部75.5.14台財稅第7522603號函） （財政部77.9.17台財稅第770661420號函）
66,1121002,營業稅稅額應如何計算,夜總會及有娛樂節目之餐飲店其營業稅如何課徵？,營業稅就其全部銷售額按特種飲食業稅率15％課徵，由營業人依規定按期（月）自動報繳；但主管稽徵機關亦得依實際營業情形查定其銷售額課徵之。 
67,1121002,營業稅稅額應如何計算,餐飲業向顧客收取的服務費應否列入銷售額？,銷售額包括營業人在貨物或勞務之價額外收取之一切費用，服務費應列入銷售額課稅。（財政部賦稅署75.4.10台稅二發第7523166號函） 
68,1121002,營業稅稅額應如何計算,營業人舉行業務檢討會之餐費發票，是否可以扣抵？,營業人業務會報用餐應屬與業務有關，所索取的餐飲統一發票，其進項稅額得扣抵銷項稅額，並依其發生之事實作為認定之依據。（財政部賦稅署75.5.8台稅二發第7523449號函） 
69,1121002,營業稅稅額應如何計算,補貼業務人員自備車輛公出油費之憑單，是否可以作為進項稅額扣抵？,營業人之員工於在職期間因業務需要使用自有車輛從事營業人之工作，如經書面約定油料費由營業人負擔並取具符合營業稅法第33條規定之憑證者，其進項稅額准予扣抵銷項稅額。（財政部78.9.11台財稅第780273399號函）
70,1121002,營業稅稅額應如何計算,營業人給付員工之旅行費用、生日禮品、慰勞品、康樂活動等費用，而支付的進項稅額可否申報扣抵？,營業人支（給）付員工康樂活動費用、員工旅行費用、員工生日禮品、員工因公受傷之慰勞品、員工婚喪喜慶之禮品，均屬營業稅法第19條第1項第4款規定之酬勞員工個人之貨物或勞務，其進項稅額不得申報扣抵銷項稅額。（財政部75.7.3台財稅第7557458號函）
71,1121002,營業稅稅額應如何計算,營業人取得二聯式收銀機統一發票如何申報扣抵？,得以載有其統一編號的收銀機統一發票收執聯影本，按期彙總計算進項稅額申報扣抵，其進項稅額計算如下：進項稅額＝收銀機統一發票總額×（徵收率÷（1＋徵收率））（加值型及非加值型營業稅法施行細則第38條第1項第3款及第4項）
72,1121002,營業稅稅額應如何計算,營業人委任會計師簽證，所支付之會計師事務所人員赴外埠查帳之住宿費用，可否扣抵？,營業人因委任會計師查核簽證財務報表，所支付之會計師事務所人員赴外埠查帳之住宿費用，核屬給付該會計師事務所之查帳酬金之一部分，其相關之進項稅額依營業稅法第19條第1項第2款規定，不得由營業人申報扣抵銷項稅額。（財政部86.9.25台財稅第861917037號函）       
73,1121002,營業稅稅額應如何計算,信用卡持卡人以刷卡消費累積積點抵免年費或兌換商品，是否屬發卡機構銷售勞務之折讓？        ,信用卡發卡機構為推廣信用卡業務，鼓勵信用卡持卡人以刷卡消費累積之積點抵免次年度信用卡年費或兌換商品，及以刷卡消費累積之現金紅利抵減次期消費款者，其以刷卡消費累積之積點抵免次年度信用卡年費部分，核屬發卡機構給予持卡人信用卡年費之折讓，發卡機構於收取次年度信用卡年費收入開立統一發票時，既已確定給予買受人折讓，應依財政部75年4月28日台財稅第7541444號函規定，按原售價開立統一發票，並在發票備註欄註明折讓金額，銷售額合計欄按實收金額（折讓後金額）填列；惟發卡機構如屬免開立統一發票之營業人，准依帳載抵免次年度信用卡年費紀錄，並出具承諾書敘明原因，核實沖減抵免信用卡年費當期之銷售額及銷項稅額；至持卡人以刷卡消費累積之積點或現金紅利兌換商品及抵減次期消費款部分，則屬發卡機構銷售勞務予信用卡特約商店收取手續費之折讓。為簡化作業，准依其帳載兌換商品及抵減消費款紀錄，並出具承諾書敘明原因，核實沖減兌換商品及抵減消費款當期之銷售額及銷項稅額。（財政部 93.1.09台財稅字第0920456901號令）
74,1121002,營業稅稅額應如何計算,百貨公司專櫃供應商支付之週年慶贊助金，其進項稅額是否可申報扣抵？,百貨公司專櫃貨物供應商支付予百貨公司之週年慶贊助金，如經查明係依雙方合約約定所支付，且供百貨公司舉辦促銷活動之用，則該費用應認屬與其經營本業及附屬業務有關，核非屬加值型及非加值型營業稅法第19條規定不得扣抵銷項稅額之範圍，其進項稅額應准予扣抵銷項稅額。（財政部93.2.26台財稅字第0930450262號函）
75,1121002,營業稅稅額應如何計算,中古車商銷售向依營業稅法第四章第二節規定計算稅額之營業人、政府機關或個人購買之舊乘人小汽車及機車，其原始取得之進項憑證，能否提報扣抵銷項稅額？如能扣抵又於何時提出？,營業人得以該購入成本，按營業稅法第10條規定之徵收率計算進項稅額；其計算公式如下：進項稅額＝[購入成本/(1＋徵收率)]×徵收率 。前項進項稅額，營業人應於申報該輛舊乘人小汽車及機車銷售額之當期，申報扣抵該輛舊乘人小汽車及機車之銷項稅額。但進項稅額超過銷項稅額部分不得扣抵（進項稅額與銷項稅額比較取小者）。但該舊乘人小汽車於購入時，係屬非供銷售或提供勞務使用之自用乘人小汽車者，則不得提報扣抵 。購入該輛舊乘人小汽車及機車之進項憑證，包括普通收據、個人一時貿易資料申報表、特種統一發票、買賣合約書或讓渡書及其他憑證。（加值型及非加值型營業稅法第15條之1）、 (營業人銷售舊乘人小汽車及機車申報營業稅進項稅額注意事項第2及4點)    
76,1121002,營業稅稅額應如何計算,外國國際運輸事業由在台營業場所或代理人支付機師、空服員住宿等費用，能否申報扣抵？,外國國際運輸事業由其在台固定營業場所或代理人支付機師及空服員因飛航行程來臺住宿等相關費用，取得以該固定營業場所或代理人名義之進項稅額憑證，依財政部76年10月13日台財稅第760074195號函規定，准予申報扣抵銷項稅額。（財政部97.08.18台財稅字第09704079540號令）
77,1121002,營業稅稅額應如何計算,營業人於人力銀行網站刊登人事求才廣告，取得憑證之進項稅額，能否申報扣抵銷項稅額？,營業人於人力銀行網站刊登人事求才廣告，取得符合加值型及非加值型營業稅法第33條規定之憑證者，其進項稅額應准予申報扣抵銷項稅額。（財政部97.09.01台財稅字第09704077510號令） 
78,1121002,營業稅稽徵程序相關規定,營業人申請稅籍登記應檢附那些文件？ ,一、營業人申請稅籍登記時，應檢送下列文件：(一)負責人國民身分證影本、戶口名簿影本或其他有效證明文件。 (二)公司組織：公司章程。(三)合夥組織：合夥契約副本。合夥人為未成年人者，並應檢送其法定代理人同意之證件，但已婚者免附。(四)有限合夥組織：有限合夥契約書及選任代表人之普通合夥人同意書。合夥人為未成年人者，並應檢送其法定代理人同意之證件，但已婚者免附。 (五)其他組織：主管機關核准成立的證照影本及組織章程。 (六)分支機構負責人與總機構不同時，應加附授權書。 (七)以自動販賣機銷售貨物或勞務且適用稅籍登記規則第3條第4項規定者，應加附自動販賣機設備編號、放置處所及營業台數明細資料。 公司、獨資、合夥及有限合夥組織之稅籍登記，由主管稽徵機關依據公司、商業或有限合夥登記主管機關提供登記基本資料辦理者，免檢送上述第一款至第四款文件。但稽徵機關得視需要向營業人要求提示第一款文件之正本。二、若外國之事業、機關、團體、組織在中華民國境內營業，但未設立分公司者，其固定營業場所申請稅籍登記時，應檢送下列文件： (一)負責人身分證明文件。(二)代理人之代理委託書，無代理人者免附。 (三)外國事業、機關、團體、組織經該國政府目的事業主管機關核准登記或許可成立之資格證明文件，並由當地政府機關、法院、我國駐當地使領館、辦事處或由該國駐我國使領館、辦事處辦理驗證或公（認）證或依我國公證法所為之公（認）證。上列各式文件，如係以英文以外之外文作成者，應附其英文或中文譯本。（稅籍登記規則第6條及第7條）
79,1121002,營業稅稽徵程序相關規定,營業人以進項稅額扣抵銷項稅額，應取具那些憑證？,應具有載明其名稱、地址及統一編號之下列憑證：一、購買貨物或勞務時，所取得載有營業稅額之統一發票。二、有加值型及非加值型營業稅法第3條第3項第1款規定視為銷售貨物，或同條第4項準用該條款規定視為銷售勞務者，所自行開立載有營業稅額之統一發票。三、其他經財政部核定載有營業稅額之憑證。（加值型及非加值型營業稅法第33條）
80,1121002,營業稅稽徵程序相關規定,申報繳納營業稅應附的文件有那些？      ,應填具規定格式之申報書，檢附退抵稅款及其他有關文件，有應納營業稅額者應附繳納收據，使用發票者並附統一發票明細表。（加值型及非加值型營業稅法第35條）
81,1121002,營業稅稽徵程序相關規定,申報繳納的期限是如何規定？,一、申報繳納的營業人，不論有無銷售額，應以每2月為1期，於次期開始15日內申報銷售額、應納或溢付營業稅額。但外銷適用零稅率者，得申請以每月為1期申報，惟經申請後同一年度內不得變更。二、外國之事業、機關、團體、組織在我國境內無固定場所而有銷售勞務者，由買受人(買受人為個人者，不含電子勞務)於給付報酬之次期開始15日內計算營業稅額繳納之。三、在我國境內無固定場所而有代理人之外國國際運輸事業銷售勞務者，由代理人於載運客、貨出境之次期開始15日內，計算營業稅額申報繳納。四、外國技藝表演業，於次期開始15日內申報繳納，但在同地演出期間不超過30日者，應於演出結束後15日內報繳，須於報繳期限屆滿前離境者，其營業稅應於離境前報繳。（加值型及非加值型營業稅法第35條至第37條）
82,1121002,營業稅稽徵程序相關規定,本公司向國外購進勞務，專供應稅貨物之用，要不要繳營業稅？,按一般稅額計算之營業人，其購進之勞務，專供經營應稅貨物或勞務之用者，免繳營業稅。（加值型及非加值型營業稅法第36條）
83,1121002,營業稅稽徵程序相關規定,本公司在各縣市設有分公司，如何申報繳納？,應分別向各地區主管稽徵機關申報繳納，但一般稅額計算之營業人亦可向財政部申請核准由總機構合併向所在地主管稽徵機關申報銷售額，應納或溢付營業稅額。（加值型及非加值型營業稅法第38條）
84,1121002,營業稅稽徵程序相關規定,營業人那些溢付稅款可以申報查明後退還？,一、因銷售適用零稅率貨物或勞務而溢付之營業稅。 二、因取得固定資產而溢付之營業稅。三、因合併、轉讓、解散或廢止申請註銷登記者，其溢付之營業稅。 四、上述以外之溢付稅額，應由營業人留抵應納營業稅，但情形特殊，得報經財政部核准退還之。（加值型及非加值型營業稅法第39條）
85,1121002,營業稅稽徵程序相關規定,以一般稅額計算之營業人，申報繳納營業稅，應檢附之退抵稅款及其他證明文件有那些？,一、載有營業稅額之統一發票扣抵聯。二、載有營業稅額之海關代徵營業稅繳納證扣抵聯。三、載有營業人統一編號之二聯式收銀機統一發票收執聯影本。四、銷貨退回、進貨退出或折讓證明單及海關退還溢繳營業稅申報單。五、適用零稅率應具備之文件。六、銷售與國防單位免徵營業稅，應檢送之證明。七、營業人購買舊乘人小汽車及機車進項憑證明細表。八、載有買受人名稱、地址及統一編號之水、電、瓦斯等公用事業開立抬頭為中華民國一百零四年十二月以前之收據扣抵聯。九、營業人須與他人共同分攤之水、電、瓦斯等費用所支付之進項稅額，為前款收據扣抵聯之影本及分攤費用稅額證明單。繳費通知單或已繳費憑證抬頭為中華民國一百零五年一月以後者，為統一發票之影本及分攤費用稅額證明單；其為雲端發票者，為載有發票字軌號碼或載具流水號之分攤費用稅額證明單。十、員工出差取得運輸事業開立之火（汽）車、高鐵、船舶、飛機等收據或票根之影本。十一、海關拍賣或變賣貨物填發之貨物清單扣抵聯。十二、載有營業人統一編號及營業稅額之電子發票證明聯。十三、其他經財政部核定載有營業稅額之憑證或影本。營業人經向稽徵機關申請核准者，得以載有進銷項資料之磁帶、磁片、光碟片媒體或以網際網路傳輸資料代替前項第一款至第四款、第七款至第十三款之證明文件。（加值型及非加值型營業稅法施行細則第38條）
86,1121002,營業稅稽徵程序相關規定,經核准由總機構合併申報之營業人，應否再向當地稽徵機關申報？,經核准由總機構合併申報銷售額、應納或溢付營業稅額者，其所有其他固定營業場所，仍應向所在地主管稽徵機關申報銷售額及進項憑證。（加值型及非加值型營業稅法施行細則第39條）
87,1121002,營業稅稽徵程序相關規定,營業人取得固定資產而有溢付營業稅額者，如何計算可退還之稅額？,以一般稅額計算之營業人，取得固定資產而有溢付營業稅額者，其可退還之稅額，為該固定資產之進項稅額。（加值型及非加值型營業稅法施行細則第43條）
88,1121002,營業稅稽徵程序相關規定,小規模營業人以進項稅額10％扣減查定稅額者，應於何時申報？,規定以查定計算營業稅額之營業人，以進項稅額10％扣減查定稅額者，其進項憑證應分別於1月、4月、7月、10月之5日前，向主管稽徵機關申報並以當期各月分之進項憑證為限。未依前項規定期限申報，或非當期各月分進項憑證，不得扣減查定稅額。（加值型及非加值型營業稅法施行細則第44條）
89,1121002,營業稅稽徵程序相關規定,對核定營業稅額如有不服，應如何辦理申請？,營業人對主管稽徵機關填發之繳款書如有不服，應於繳款書送達後，於繳納期間屆滿翌日起算30日內，依規定格式，敘明理由，連同證明文件申請復查。（稅捐稽徵法第35條）
90,1121002,營業稅稽徵程序相關規定,對拍賣貨物應如何辦理營業稅徵納手續？,一、海關拍賣或變賣應課徵營業稅之貨物，應於拍定或成交後，將營業稅款向公庫繳納，並填寫拍賣或變賣貨物清單交付買受人，作為列帳及扣抵憑證。二、執行法院或行政執行機關執行拍賣或變賣貨物，應於拍定或准許承受5日內，將拍定或承受價額通知當地主管稽徵機關查復營業稅之稅額，並由執行法院、行政執行機關代為扣繳。 主管稽徵機關應於接到法院或行政執行機關通知之日起7日內，查明該貨物應否課徵營業稅，其屬應課徵營業稅者，應將應納稅額函復執行法院或行政執行機關並予建檔。執行法院或行政執行機關接到主管稽徵機關復函後，應於拍定或承受價額內，優先於一般債權及抵押權，代為扣繳營業稅。主管稽徵機關應於取得執行法院或行政執行機關扣繳稅額後，填發「法院及行政執行機關拍賣或變賣貨物營業稅繳款書」向公庫繳納。三、若債權人為保全債權，自行拍賣或變賣債務人依動產擔保交易法規定設定動產抵押之抵押物或設定動產質權之質押物，屬加值型及非加值型營業稅法第3條第1項規定之銷售貨物行為，應開立銷售憑證交付買受人。又該債權人拍賣抵押物或質押物以抵償其債務，係屬原所有權人銷售貨物之行為，該抵押物或質押物之原所有權人為營業人者，債權人應於收到買受人支付之價金時，通知原所有權人開立銷售憑證交付債權人作為進項憑證。（加值型及非加值型營業稅法施行細則第47條、法院行政執行機關及海關拍賣或變賣貨物課徵營業稅作業要點、財政部99.7.19台財稅字第09904066410號）
91,1121002,營業稅稽徵程序相關規定,被查獲涉嫌違章之證件如為營業人所需用應如何處理？,一、帳簿：可向主管稽徵機關申請自行抄錄或影印，並依有關帳簿管理規定，另設新帳繼續使用。二、會計憑證及其他證件：如影本足資證明其違章責任者，由該營業人於影本上簽名蓋章證明其與原本無異，經主管稽徵機關核對無訛後，影本附案，原本發還。（加值型及非加值型營業稅法施行細則第48條）
92,1121002,營業稅稽徵程序相關規定,營業人進口貨物經海關代徵營業稅、嗣經國外供應商給予進貨折讓，其溢付稅額可核實退還嗎？,營業人自國外進口貨物並經海關代徵營業稅，嗣經國外供應商給予進貨折讓，未按更正進口報單程序處理，致上開貨物進口時由海關代徵之營業稅額大於其銷項稅額者，其溢付稅額准依加值型及非加值型營業稅法第39條第 2項但書規定核實退還。（財政部98.3.18台財稅字第09800052190號令）
93,1121002,營業稅稽徵程序相關規定,進口貨物未經使用即報關退運出口如何辦理營業稅退稅？,一、營業人進口貨物，在完納各項進口稅捐經海關放行後，未經使用即原貨報關退運出口，不再復運進口，可依海關代徵營業稅稽徵作業手冊參、十四規定向進口地之海關申請退還營業稅。但以在原貨物進口之翌日起 3個月內及復運出口前申請核辦，並提供有關證件，經查明屬實者為限。前開進口貨物如係機器設備，得於安裝就緒試車之翌日起3個月內及復運出口前申請核辦。二、進口貨物如僅部分使用，發現品質不符後，將「未經使用」品質不符部分退運出口，該退運出口之貨物，仍符合海關代徵營業稅稽徵作業手冊參、十四規定未經使用之條件。（財政部98.11.18台財稅字第09804546160號令）
94,1121002,營業稅稽徵程序相關規定,分支機構申請稅籍登記，其負責人應為何人？,有總機構之固定營業場所之負責人應與總機構之負責人一致，但經總機構授權者，為經授權之人。惟如已辦妥公司、獨資、合夥及有限合夥組織之登記，應以主管機關提供登記資料辦理。（稅籍登記規則第3條及第5條）
95,1121002,營業稅稽徵程序相關規定,本公司遷移新址，應向遷出或遷入機關辦理變更登記？,應於事實發生15日內，填具變更登記申請書，檢同有關證件，向遷入地主管稽徵機關申請變更登記。（稅籍登記規則第8條）
96,1121002,營業稅稽徵程序相關規定,公司組織之營利事業對於已登記之事項申請變更登記時，應先辦公司登記？還是稅籍登記變更？,應於辦妥公司變更登記之日起15日內申請變更稅籍登記。（稅籍登記規則第8條）
97,1121002,營業稅稽徵程序相關規定,將實體店面分格出租予承租人銷售貨物應否辦理稅籍登記？取得的進銷項憑證為何？課稅的方式？     ,營業人將店面分格出租予承租人銷售貨物之經營型態，係出租人將實體店面分成數格後，逐一出租予承租人展示商品，由出租人提供人員處理銷售事務，並按承租人所訂價格銷售貨物，再向承租人收取租金或銷售、帳務管理費。此種交易模式，核屬出（承）租行為及委（受）託代銷貨物行為，其稅籍登記、進銷項憑證及課稅方式，應分別依下列規定辦理：一、承租人部分：（一）承租人在中華民國境內銷售貨物，依法應辦理稅籍登記課徵營業稅；惟為簡化稽徵手續，以最近6個月平均每月銷售額如未達小規模營業人營業稅起徵點新臺幣 8萬元(114年1月1日起調增為10萬元)者，得暫免辦理稅籍登記。嗣後如依相關資料查得其最近 6個月平均每月銷售額已達上揭起徵點者，應輔導其辦理稅籍登記、調整查定銷售額或核定使用統一發票。（二）承租人如在中華民國境內不同地點承租格子銷售貨物，應分別辦理稅籍登記，並以各個承租格子所在地點分別依營業稅特種稅額查定辦法查定其銷售額或核定使用統一發票；惟如於同一地點承租多個格子，應併計各個格子銷售額做為其應否辦理稅籍登記之認定基礎。二、出租人部分：（一）屬經稽徵機關核定使用統一發票之營業人：1.於收取租金時應開立統一發票交付承租人；於受託代銷時，依統一發票使用辦法第17條第2項規定，應按約定代銷價格開立統一發票交付買受人。2.受託代銷應自承租人取得之進項憑證部分，按承租人應否辦理稅籍登記分別依下列規定辦理。（1）承租人應辦稅籍登記者：出租人應自承租人取得統一發票或普通收據。如屬應取得普通收據者，稽徵機關得視需要函請出租人提供該等收據資料，做為承租人課稅資料運用。（2）承租人免辦稅籍登記者：出租人應填報「個人一時貿易資料申報表」，按期向主管稽徵機關申報。（二）屬經稽徵機關查定課徵之營業人：出租人銷售額之查定，應依營業稅特種稅額查定辦法相關規定辦理。（財政部98.12.11台財稅字第09800554670號令）
98,1121002,營業稅稽徵程序相關規定,營業人依經銷契約取得的獎勵金，如係按一定期間結算者，應如何填報證明單？,營業人依經銷契約取得或支付的獎勵金，如係按一定期間（按月、季、年）之進貨或銷貨累積金額計算者，取得獎勵金的營業人得彙總開立「銷貨退回、進貨退出或折讓證明單」，並於該證明單「開立發票」欄內，填列起始期間取得第1張統一發票號碼，及在「退貨或折讓內容」欄「品名」項下，書明「彙開」字樣及起訖期間，免予填列原取得之各張統一發票號碼。（財政部75.4.28台財稅第7541444號函）
99,1121002,營業稅稽徵程序相關規定,本公司變更地址，原申報留抵之營業稅額如何辦理？,營業人變更地址，申報營業稅累積留抵稅額，應由遷入地主管稽徵機關受理申報繼續留抵或依規定核實退還或留抵。(財政部76.4.18台財稅第7622178號函)(財政部77.9.17台財稅第770661420號函)
100,1121002,營業稅稽徵程序相關規定,納稅義務人自動向稅捐稽徵機關補報並補繳所漏稅款加計利息如何計算？,應自該項稅捐原繳納期限截止之次日起，至補繳之日止，就補繳之應納稅捐，依各年度1月1日郵政儲金1年期定期儲金固定利率，按日加計利息，一併徵收。 （稅捐稽徵法第48條之1）
101,1121002,營業稅稽徵程序相關規定,總機構及其他固定營業場所申請合併報繳營業時，應檢附那些證件？,依加值型及非加值型營業稅法第4章第1節規定計稅之營業人，總機構於申請合併申報時應填具申請函，檢附所有其他固定營業場所名冊3份，載明營利事業統一編號、稅籍編號、營業人名稱、負責人、營業所在地地址、設立日期，函請所在地主管稽徵機關核轉財政部，在未奉核准前仍應分別申報繳納。
102,1121002,營業稅稽徵程序相關規定,營利事業銷貨退回，其已報繳之營業稅如何申請退還或抵繳稅款？,一、營業人銷售貨物或勞務於開立統一發票月份以後，買受人因故未將所收受之進項統一發票收執聯及扣抵聯列帳，亦未申報扣抵銷項稅額，不能開立「銷貨退回、進貨退出或折讓證明單」者，應由營業人（賣方）憑買受人退回之原開統一發票收執聯及扣抵聯專案申報主管稽徵機關，經稽徵機關查明屬實後，其溢付稅額，准予留抵或退還。並建檔沖減營業人（賣方）銷售額。至買受人如有未依規定期限記帳者，應另行查明事實，依稅捐稽徵法第45條之規定處罰。二、營業人銷售貨物或勞務於開立統一發票後，凡買受人已依照規定申報進項稅額並扣抵銷項稅額者，事後因故發生銷貨退回或折讓者，應由買受人依照規定開立「銷貨退回、進貨退出或折讓證明單」，由進、銷雙方分別依照統一發票使用辦法第20條第2項規定辦理。（財政部75.11.26台財稅第7572872號函）
103,1121002,營業稅稽徵程序相關規定,酬勞員工、交際應酬贈送之貨物是否應開立統一發票？         ,營業人以自己產製、進口、購買之貨物酬勞員工或交際應酬應否開立發票，分兩種情形：一、原來就決定供作酬勞員工或交際應酬者，並以各該有關科目列帳，且該項貨物所支付之進項稅額未申報扣抵，即可免視為銷售貨物並免開統一發票。二、如果原來並未決定供作酬勞員工或交際應酬或捐贈，以進貨或有關損費科目列帳，且該項貨物所支付之進項稅額已申報扣抵銷項稅額者，自應於轉作酬勞員工、交際應酬時，依視為銷售貨物之規定，按時價開立統一發票。該張發票之扣抵聯應由營業人於開立後自行截角或加蓋戳記作廢，不可以申報扣抵銷項稅額。（財政部76.7.22台財稅第761112325號函）
104,1121002,營業稅稽徵程序相關規定,經核准由總機構合併總繳之營業人，其他固定營業場所應如何申報？,其他固定營業場所仍應向所在地主管稽徵機關申報進、銷項營業資料及營業人銷售額與稅額申報書，填報申報書時，應在其右上角「各單位分別申報」欄右方空格內打「V」，稅額計算欄內可以不必填寫，亦免予繳納營業稅。總機構本身個別營業部分與其他固定營業場所申報方法相同，另應填寫自行及所屬其他固定營業場所加總合計申報資料後之申報書，計算應納或溢付的營業稅額，並在右上角「總機構彙總報繳」右方空格內打「V」，其有應納稅額者，應先向公庫繳納後，再向稽徵機關申報。
105,1121002,營業稅稽徵程序相關規定,進項憑證如何整理與編號？          ,一、可扣抵進項憑證，進項稅額逾500元者(含「三聯式發票及電子計算機發票」、「三聯式收銀機發票及電子發票證明聯」及「載有稅額之其他憑證」)、「營業人銷貨退回、進貨退出或折讓證明單」、「海關退還溢繳營業稅申報單」、「載有營業稅額之海關代徵營業稅繳納證扣抵聯」須按憑證類別、期(月)分類及按「進貨及費用」或「固定資產」之性質分別裝訂白色憑證封面，「購買舊乘人小汽車及機車進項憑證明細表」適用淺綠色憑證封面。二、前項以外之進項憑證，免按期(月)分類，僅須按憑證類別及區分「進貨及費用」或「固定資產」之性質分別裝訂藍色憑證封面。三、每100張裝訂1冊，每張右下角依序編號，號碼自00至99；憑證不足100張仍應裝成1冊。憑證超過100張裝成2冊以上者，應在第1冊封面加填本期(月)憑證張數、金額及稅額之合計數；憑證不足100張裝成1冊者，仍應在該冊封面加填本期（月）憑證張數、金額及稅額之合計數。
106,1121002,營業稅稽徵程序相關規定,營業人銷貨後無法收回貨款時，原報繳的銷項稅額能否申請退還？ ,營業人銷售貨物應於發貨時開立統一發票，自應在當時開立銷項稅額，事後雖發生呆帳損失，因其銷售行為已成立，故無法申請退還銷項稅額。
107,1121002,營業稅稽徵程序相關規定,預收貨款已依規定開立發票後，實際發貨時，是否必須再開發票？,預收貨款係按預收金額開立發票，交給買受人。在實際交貨時，僅需就餘額再行開立發票即可，免再按總額開立發票。
108,1121002,營業稅稽徵程序相關規定,經稽徵機關核准留抵的稅額，其留抵期限有無限制的規定？,營業人留抵的稅額，可於後續辦理各期營業稅申報時，留抵各期營業稅應納稅額，直至無留抵稅額為止。但情形特殊者得專案申請退還。
109,1121002,營業稅稽徵程序相關規定,外銷貨品適用零稅率，其所申報的應退稅款何時可以退還？,營業人的應退稅款原則上於申報後1個月內完成退稅手續，同時營業人亦可申請採劃撥退稅，由國稅局將退稅款直接劃撥入帳，營業人在接到退稅通知的同時，就可以動用資金。
110,1121002,營業稅稽徵程序相關規定,營業人委託快遞業者出口快遞貨物如何申報適用零稅率？,營業人委託依快遞貨物通關辦法向海關登記之快遞業者運送離岸價格新臺幣5萬元以下之快遞貨物出口，可持憑該業者所出具載有寄件人名稱、統一編號、貨物名稱、數量、離岸價格及出口快遞貨物簡易申報單之託運單主、分號等資料之執據，做為申報營業稅適用零稅率之證明文件。（財政部94.5.26台財稅字第09404530580令）
111,1121002,營業稅稽徵程序相關規定,營業人於停業期限屆滿後，需展延停業期間者，是否須先行申報復業？,經核准停業登記之營業人，如於停業期限屆滿後，需展延停業期間者，尚不發生須先行申報復業之問題。
112,1121002,營業稅稽徵程序相關規定,營業人(委託人)因將財產交付信託而溢付之營業稅，可否申請退稅？,營業人（委託人）因將財產交付信託而溢付營業稅，可於信託行為之受託人依信託本旨處分信託財產後，依加值型及非加值型營業稅法第39條第2項但書規定，就受託人處分該信託財產之銷項稅額範圍內，核實退還。（財政部92.6.19台財稅字第0920453765號令） 
113,1121002,營業稅稽徵程序相關規定,利用自宅從事早餐店等，未具備牌號及僱用員工之營業人，應否辦理稅籍登記？,依據加值型及非加值型營業稅法第3條第1項及第2項規定將貨物之所有權移轉與他人，以取得代價者，為銷售貨物；提供勞務予他人，或提供貨物予他人使用、收益，以取得代價者，為銷售勞務。有關「利用自宅從事早餐店、麵攤、點心及泡沫紅茶店等，未具備牌號及僱用員工、且收入不多，每月銷售未達起徵點」之營業人，係屬銷售貨物行為，與財政部78年4月6日台財稅第781143103號函規範不直接對外銷售其產品，並不具備營利事業型態之「個人手工藝」性質並不相同，仍應辦理稅籍登記。（財政部93.1.16台財稅字第0920457998號函）
114,1121002,營業稅稽徵程序相關規定,大樓（廈）管理委員會將外牆、屋頂、陽台出租，收取租金收入，應否辦理稅籍登記課徵營業稅？,加值型及非加值型營業稅法（以下簡稱營業稅法）第1條及第8條規定，在中華民國境內銷售貨物或勞務，除稅法另有免稅規定者外，均應依法課徵營業稅。同法第2條及第6條第2款規定，非以營利為目的之事業、機關、團體、組織，有銷售貨物或勞務者，為營業稅之納稅義務人；另財政部76年8月7日台財稅第760071994號函規定，大樓（廈）管理委員會，如係基於守望相助，由該大樓（廈）各業主組織成立，無對外營業情形，可免辦稅籍登記，其向該大樓（廈）各業主所收管理費，應免徵營業稅。大樓（廈）停車場，如係按次或計時收費，或提供停車位，定期供他人停車使用按期收費對外營業者，依營業稅法第1條及第3條第2項規定，係屬銷售勞務範圍，應依同法第28條規定辦理稅籍登記並依法課徵營業稅。故以大樓（廈）管理委員會之名義與人訂立租賃契約，將大樓（廈）之外牆、屋頂、陽台出租，其收取之租金收入歸入管理委員會基金部分，係屬大樓（廈）管理委員會銷售勞務之收入，大樓（廈）管理委員會應依法辦理稅籍登記並依法課徵營業稅。（財政部93.6.29台財稅字第0930452887號函）
115,1121002,營業稅稽徵程序相關規定,銷售貨物或勞務與非營業人，發生銷貨退回或折讓時，其銷貨退回、進貨退出或折讓證明單應如何填具？,營業人銷售貨物或勞務與非營業人，發生銷貨退回或折讓等情事，買受人出具「銷貨退回、進貨退出或折讓證明單」時，得於該證明單之蓋章欄以簽名或蓋章擇一辦理，並免填寫買受人身分證統一編號。（財政部97.8.18台財稅字第09700354650號令）
116,1121002,兼營營業人營業稅額應如何計算,兼營營業人於當年度最後一期報繳營業稅時，對當年度不得扣抵比例如何調整辦理？,兼營營業人於報繳當年度最後一期營業稅時，應按當年度不得扣抵比例調整稅額後，併同最後一期營業稅額辦理申報繳納，其計算公式如下：一、採用比例扣抵法之兼營營業人：調整稅額＝當年度已扣抵之進項稅額－（當年度進項稅額－當年度依本法第19條第1項規定不得扣抵之進項稅額）×（１－當年度不得扣抵比例）（兼營營業人營業稅額計算辦法第7條）二、採用直接扣抵法之兼營營業人：調整稅額＝當年度已扣抵之進項稅額－（當年度進項稅額－當年度依本法第19條第1項規定不得扣抵之進項稅額－當年度專供免稅營業用之貨物或勞務之進項稅額－當年度共同使用之貨物或勞務之進項稅額×當年度不得扣抵比例）（兼營營業人營業稅額計算辦法第8條之2）
117,1121002,兼營營業人營業稅額應如何計算,兼營營業人於最後一期報繳營業稅時，如有購買國外勞務時當年度調整稅額如何計算？,兼營營業人於報繳當年度最後一期營業稅時，如有購買本法第36條第1項之勞務者，並應依下列公式調整：一、採用比例扣抵法：調整稅額＝當年度購買勞務給付額×徵收率×當年度不得扣抵比例－當年度購買勞務已納營業稅額 （兼營營業人營業稅額計算辦法第7條）二、採用直接扣抵法：調整稅額＝（當年度購買專供免稅營業用勞務給付額＋當年度購買供共同使用勞務給付額×當年度不得扣抵比例）×徵收率－當年度購買勞務已納營業稅額（兼營營業人營業稅額計算辦法第8條之2）                                                           
118,1121002,兼營營業人營業稅額應如何計算,兼營營業人實際營業時間未滿9個月者，如何調整計算？      ,年度中新設立、年度中成為兼營營業人或變換扣抵法後之期間未滿9個月者，當年度免辦調整，俟次年度辦理調整時併同辦理。惟兼營營業人如非屬於年度中新設立或於年度中成為兼營營業人未滿9個月之情形，而係年度中辦理停、復業，不論當年度實際營業期間長短，均應於當年度最後一期辦理年度兼營調整申報。（兼營營業人營業稅額計算辦法第7條、第8條之2、財政部82年11月18日台財稅第821501539號函及財政部89年7月29日台財稅第0890455162號函）
119,1121002,兼營營業人營業稅額應如何計算,兼營投資業務營業人，投資國外營利事業所取得之國外股利收入，應否課稅？,兼營投資業務營業人，投資國外營利事業所取得之國外股利收入，仍應併同國內股利收入彙總列入當年度最後一期之免稅銷售額申報。
120,1121002,營業稅的罰則為何,營業人未依規定申請稅籍登記經查獲應如何處罰？ ,除通知限期補辦外，處新臺幣3千元以上3萬元以下罰鍰；屆期仍未補辦者，得按次處罰。（加值型及非加值型營業稅法第45條） 
121,1121002,營業稅的罰則為何,本公司想暫停營業，但未在停業前向國稅局申報核備，經查獲會如何處罰？,除公司已向公司主管機關辦妥停業登記者，由主管稽徵機關依據公司主管機關提供資料辦理，並視為已向稽徵機關核備外，如未在停業前向國稅局申報核備，除通知限期改正或補辦外，處新臺幣1千5百元以上1萬5千元以下罰鍰；屆期仍未補辦者，得按次處罰。（加值型及非加值型營業稅法第46條）
122,1121002,營業稅的罰則為何,營業人對於應稅貨物或勞務之定價，未依規定內含營業稅，經查獲會如何處罰？,如經通知限期改正，屆期未改正者，處新臺幣1千5百元以上1萬5千元以下罰鍰。（加值型及非加值型營業稅法第48條之1）
123,1121002,營業稅的罰則為何,原為查定課徵之小規模營業人，近經核定使用發票，但一直沒去辦，是不是要罰？,要處罰，經核定使用發票而不使用者，除通知限期使用外，處新臺幣3千元以上3萬元以下罰鍰，屆期未使用得按次處罰，並得予停業處分。（加值型及非加值型營業稅法第47條）
124,1121002,營業稅的罰則為何,朋友承包水電工程借我的統一發票去開，被查獲，會怎樣處罰？,將統一發票轉供他人使用者，除通知限期改正外，處新臺幣3千元以上3萬元以下罰鍰，再被查獲將按次處罰，且可能受停止營業的處分，並有幫助他人逃漏稅之刑事責任。 （加值型及非加值型營業稅法第47條及稅捐稽徵法第43條）
125,1121002,營業稅的罰則為何,我太太開雜貨店，因嫌核定營業稅過重，拒絕接受營業稅繳款書是不是會受罰？,要處罰，拒絕接受營業稅繳款書，除通知限期繳納外，要處新臺幣3千元以上3萬元以下罰鍰，屆期仍不收受，將按次處罰，並得停止其營業。（加值型及非加值型營業稅法第47條） 
126,1121002,營業稅的罰則為何,營業人開立發票給營業人，忘記寫買受人名稱及統一編號，要不要處罰？,要處罰，凡經查獲要按發票所載銷售額處1％罰鍰，其金額最低不得少於新臺幣1千5百元，最高不得超過新臺幣1萬5千元，並得按次處罰，其第2次以後處罰部分之罰鍰為發票所載銷售額之2％，其金額最低不得少於新臺幣3千元，最高不得超過新臺幣3萬元。（加值型及非加值型營業稅法第48條）
127,1121002,營業稅的罰則為何,營業人未按規定期限申報銷售額，如何處罰？,營業人未按規定期限申報銷售額或統一發票明細表，未逾30日者，每逾2日按應納稅額加徵1％滯報金，不得少於新臺幣（下同）1千2百元，不得超過1萬2千元；逾30日者，按核定應納稅額加徵30％怠報金，不得少於3千元，不得超過3萬元，無應納稅額者，滯報金為1千2百元，怠報金為3千元。（加值型及非加值型營業稅法第49條）
128,1121002,營業稅的罰則為何,本商號應繳營業稅忘記繳納，已過限繳期，應否處罰？,納稅義務人逾期繳納稅款者，應自繳納期限屆滿之次日起，每逾3日按滯納之金額加徵百分之1滯納金；逾30日仍未繳納者，除移送強制執行外，並得停止其營業。但因不可抗力或不可歸責於納稅義務人之事由，致不能於法定期間內繳清稅捐，得於其原因消滅後10日內，提出具體證明，向稽徵機關申請延期或分期繳納經核准者，免予加徵滯納金。（加值型及非加值型營業稅法第50條、稅捐稽徵法第20條）
129,1121002,營業稅的罰則為何,滯納稅款應否加計利息？如何計算？,要徵收利息，利息計算方式為：自滯納期屆滿之次日起，至自動繳納或強制執行徵收繳納之日止，就應納稅款，依該年1月1日郵政儲金1年期定期儲金固定利率，按日計息。（加值型及非加值型營業稅法第50條）
130,1121002,營業稅的罰則為何,營業人漏開統一發票經查獲，如何處罰？,營業人漏開統一發票或於統一發票上 短開銷售額，於法定申報期限前經查獲者，應就短漏開銷售額按規定稅率計算稅額繳納稅款，處5倍以下罰鍰。但處罰金額不得超過新台幣1百萬元。 1年內經查獲達3次者，並停止其營業。（加值型及非加值型營業稅第52條）  
131,1121002,營業稅的罰則為何,短報或漏報銷售額經查獲，要不要處罰？,除追繳核定銷售額之應納稅款外，按所漏稅額處5倍以下罰鍰，並得停止其營業。（加值型及非加值型營業稅第51條、施行細則第52條） 
132,1121002,營業稅的罰則為何,申請註銷後，仍繼續營業，要如何處罰？,申請註銷登記後，或被依法停止營業後，仍繼續營業者，除追繳核定銷售額之應納稅款外，按所漏稅額處5倍以下罰鍰，並得停止其營業。（加值型及非加值型營業稅法第51條、細則第52條） 
133,1121002,營業稅的罰則為何,虛報進項稅額要如何處罰？,除追繳稅款外，按所漏稅額處5倍以下罰鍰，並得停止其營業。（加值型及非加值型營業稅法第51條、細則第52條）
134,1121002,營業稅的罰則為何,進口貨物未將關稅法第29條第3項規定之費用計入完稅價格經調整補稅者會不會被罰？,進口人進口貨物未將關稅法第29條第3項各款規定之費用，計入完稅價格內申報，經海關調整計入關稅完稅價格課徵關稅而據以補徵營業稅案件，除繳驗偽造、變造或不實之發票或憑證經海關依海關緝私條例第37條第1項規定處罰者外，免依加值型及非加值型營業稅法第 51 條第 7款規定處罰。（財政部 98.3.11台財稅字第 09800062780 號令）
135,1121002,營業稅的罰則為何,營業人以不實進項稅額憑證申報扣抵銷項稅額如何處罰？    ,營業人以不實進項稅額憑證申報扣抵銷項稅額之案件，如經查明有進貨事實者，應依營業稅法第19條第1項第1款、第51條第5款及稅捐稽徵法第44條規定補稅及擇一從重處罰；如經查明無進貨事實者，除依營業稅法第15條第1項、第3項及第51條第5款規定補稅處罰外，倘查獲有以詐術或其他不正當方法逃漏稅捐之事證，應依財政部95年2月6日台財稅字第09504508090號函發布「稅捐稽徵法第41條所定納稅義務人逃漏稅行為移送偵辦注意事項」規定移送偵辦刑責。（財政部 98.12.7台財稅字第09804577370號令）
136,1121002,如何使用統一發票,請問統一發票有那幾種？如何使用？,一、三聯式統一發票：專供營業人銷售貨物或勞務與營業人，並依一般稅額計算時使用。二、二聯式統一發票：專供營業人銷售貨物或勞務與非營業人，並依一般稅額計算時使用。三、特種統一發票：專供營業人銷售貨物或勞務並依特種稅額計算時使用。四、收銀機統一發票：專供依一般稅額計算以收銀機開立統一發票之營業人銷售貨物或勞務時使用。其使用與申報，依「營業人使用收銀機辦法」之規定辦理。五、電子發票：指營業人銷售貨物或勞務與買受人時，以網際網路或其他電子方式開立、傳輸或接收之統一發票；其應有存根檔、收執檔及存證檔。（統一發票使用辦法第7條）
137,1121002,如何使用統一發票,經營買賣業的營業人應於何時開立統一發票？,買賣業銷售貨物，應於發貨時開立統一發票，但發貨前已預收的貨款，應於收款時先行開立統一發票。若買賣雙方書面約定銷售的貨物須經買受人承認，買賣契約始生效力者，則於買受人承認時開立。（營業人開立銷售憑證時限表）                                                     
138,1121002,如何使用統一發票,營業人銷售貨物與營業人可否開立二聯式統一發票？      ,不可以，應開立三聯式統一發票，否則應依營業稅法第48條規定論處。（財政部78.3.16台財稅第781142042號函）
139,1121002,如何使用統一發票,營利事業供本業及附屬業務使用之贈送樣品，要不要開立發票？,營利事業供本業及附屬業務使用之贈送樣品、辦理抽獎贈送獎品、銷貨附送贈品及依合約規定售後服務免費換修零件者，所贈送之物品及免費換修之零件，除應設帳記載外，可免開立統一發票。（財政部75.12.29台財稅第7523583號函）
140,1121002,如何使用統一發票,營業人取得之賠償收入應否開立統一發票？                                                                     ,營業人非因銷售貨物或勞務取得之賠償收入免開統一發票。（統一發票使用辦法第4條第29款）
141,1121002,如何使用統一發票,統一發票專用章的內容如何？          ,應刊明營業人名稱、統一編號、地址及「統一發票專用章」字樣，統一編號應使用標準5號黑體字之阿拉伯數字。 （統一發票使用辦法第5條）
142,1121002,如何使用統一發票,一次交易中有不同課稅別之貨物，如何開立發票？            ,同一買受人一次交易事項中包括不同課稅別之貨物或勞務時，應按應稅、免稅與零稅率分別開立，並於統一發票明細表課稅別欄註記。（統一發票使用辦法第8條）
143,1121002,如何使用統一發票,每筆銷售額未滿50元之交易如何開立統一發票？,營業人每筆銷售額與銷項稅額合計未滿新臺幣50元之交易，除買受人要求外，得免逐筆開立發票，但應於每日營業終了時，按總金額彙開1張統一發票，註明「彙開」字樣，並於當期統一發票明細表備考欄註明「按日彙開」。但營業人以網際網路或其他電子方式開立電子發票、使用收銀機開立統一發票、使用收銀機收據代替逐筆開立統一發票，或以自動販賣機銷售貨物或勞務經核定使用統一發票者，不適用彙開之規定。（統一發票使用辦法第15條）
144,1121002,如何使用統一發票,依規定收款時為開立發票時限者，收受支票如何開立？,依規定以收款時為開立發票時限者，其收受之支票，得於票載日開立統一 發票。（統一發票使用辦法第16條）
145,1121002,如何使用統一發票,經營外銷業務者應否開立統一發票，其銷售額應如何計算及申報？,一、營業人外銷貨物、與外銷有關之勞務或在國內提供而在國外使用之勞務，得免開立統一發票。二、營業人直接外銷貨物予國外買受人者，應於報關當日按海關公布報關適用之匯率換算銷售額；其未經報關而係委託郵局或依法核准設立從事國際間快遞業務之營業人運送貨物外銷者，則應以郵局或快遞業者所核發執據之日期及金額為準，其金額屬外幣者，則以當日往來銀行買進外匯匯率換算銷售額。至營業人銷售與外銷有關之勞務或在國內提供而在國外使用之勞務，應以收款日為準，並以當日往來銀行買進外匯匯率換算銷售額。（統一發票使用辦法第4條第33款）（財政部86.7.10台財稅第861905764號函）
146,1121002,如何使用統一發票,營業人開立發票後，發生銷貨退回或折讓，應如何處理？,一、開立統一發票之銷售額尚未申報者，買受人為非營業人時，應收回收執聯；買受人為營業人時，應收回收執聯及扣抵聯，黏於原存根聯上並註明「作廢」。但買受人為營業人，且原統一發票載有買受人之名稱及統一編號者，得以買受人出具之銷貨退回、進貨退出或折讓證明單代之。二、開立統一發票之銷售額已申報者，如買受人為營業人，應取得買受人出具之銷貨退回、進貨退出或折讓證明單，但以原統一發票載明買受人名稱、統一編號者為限。三、開立統一發票銷售額已申報者，如買受人為非營業人，除應取得買受人出具之銷貨退回、進貨退出或折讓證明單外，並應取回原收執聯。如收執聯無法收回，得以收執聯影本替代。但雙方訂有合約，且原統一發票載明買受人名稱及地址者，可免收回原開立統一發票收執聯。四、使用電子發票之營業人，經買賣雙方合意銷貨退回、進貨退出或折讓，得以網際網路或其他電子方式開立、傳輸或接收銷貨退回、進貨退出或折讓證明單，其應有存根檔、收執檔及存證檔。（統一發票使用辦法第20條及第20條之1）
147,1121002,如何使用統一發票,統一發票遺失，應如何辦理？,一、遺失空白發票：應即日敘明原因及遺失之統一發票種類、字軌號碼，向主管稽徵機關申報核銷。二、遺失存根聯：取得買受人蓋章證明之原收執聯影本代替。三、遺失扣抵聯或收執聯：取得原銷售營業人蓋章證明之存根聯影本或以未遺失聯之影本自行蓋章證明者，得以影本替代扣抵聯或收執聯作為進項稅額扣抵憑證或記帳憑證。（統一發票使用辦法第23條）
148,1121002,如何使用統一發票,統一發票書寫錯誤，應如何處理？ ,營業人開立統一發票有第9條第1項規定應記載事項記載錯誤情事者，應另行開立，該誤寫之統一發票收執聯及扣抵聯註明「作廢」字樣，黏貼於存根聯上，如為電子發票，已列印之電子發票證明聯應收回註明「作廢」字樣，並均應於當期之統一發票明細表註明。（統一發票使用辦法第24條）
149,1121002,如何使用統一發票,買受人名稱及統一編號寫錯可否更改？,營業人開立統一發票有第9條第1項規定應記載事項記載錯誤情事者，應另行開立，該誤寫之統一發票收執聯及扣抵聯註明「作廢」字樣，黏貼於存根聯上，如為電子發票，已列印之電子發票證明聯應收回註明「作廢」字樣，並均應於當期之統一發票明細表註明。（統一發票使用辦法第24條）
150,1121002,如何使用統一發票,營業人當期購買之收銀機統一發票剩餘空白未使用部分如何處理？,營業人對當期購買之收銀機統一發票剩餘空白未使用部分，除採電磁紀錄媒體申報及網際網路申報之營業人外，應依規定格式填具銷燬清冊，於每期申報銷售額時，併同營業稅申報書送交主管稽徵機關後，於申報當月24日前自行銷燬。如自行銷燬有困難者，應於每期申報銷售額時，併同營業稅申報書及銷燬清冊，繳回主管稽徵機關清點查收後銷燬。（營業人使用收銀機辦法第9條）
151,1121002,如何使用統一發票,營業人或未申請稅籍登記而擅自營業之營業人取得之統一發票收執聯，是否適用統一發票給獎辦法？,統一發票給獎辦法在鼓勵消費者購物索取統一發票以防止逃漏，不論是營業人或未申請稅籍登記而擅自營業之營業人取得之統一發票均不在該辦法鼓勵範圍，並不適用。(統一發票給獎辦法第11條第1項第9款、財政部108.1.7台財稅字第10704616110號令)
152,1121002,如何使用統一發票,營業人可否申請按月彙總開立統一發票？,營業人符合下列條件者，得檢附申請書及列有買受營業人名稱、地址及統一編號之名冊向所在地主管稽徵機關申請核准，就名冊內營業人銷售貨物或勞務，按月彙總於當月月底開立統一發票：一、無積欠已確定之營業稅及罰鍰、營利事業所得稅及罰鍰者。 二、最近2年度之營利事業所得稅係委託會計師查核簽證申報或經核准使用藍色申報書者。 （統一發票使用辦法第15條之1）
153,1121002,如何使用統一發票,公司依企業併購法辦理合併，消滅公司移轉貨物及勞務與存續或新設公司是否須開立發票？,一、公司依企業併購法辦理合併，消滅公司移轉貨物及勞務與存續或新設公司，依同法第39條第1項第4款規定，既非屬營業稅課稅範圍，消滅公司毋須開立統一發票。二、至消滅公司之營業稅累積留抵稅額，依加值型及非加值型營業稅法第39條第1項第3款及稅捐稽徵法施行細則第5條前段規定，應退還予合併後存續或新設之公司受領。（財政部 93.1.14台財稅字第0920457423號令）
154,1121002,如何使用統一發票,折價收買金融機構不良債權以外之無追索權應收帳款，要開立統一發票嗎？       ,依加值型及非加值型營業稅法第4章第1節規定計算稅額之營業人，折價收買金融機構不良債權以外之無追索權應收帳款，應於轉售該筆應收帳款取得價款或自行催收收回金額大於原始購買價格時，按其差額認列利息收入，開立二聯式統一發票，其收執聯由開立人自行留存備查。（財政部 98.8.27台財稅字第09800386610號令）
155,1121002,營利事業會計帳簿憑證應如何管理,營業人應設立那些帳簿？,應設置下列帳簿並於使用前逐頁編號，且自81年度起免再使用前送主管稽徵機關驗印。一、買賣業：日記簿、總分類帳、存貨明細帳、其他必要之補助帳簿。二、製造業：日記簿、總分類帳、原物料明細帳、在製品明細帳、製成品明細帳、生產日報表、其他必要之補助帳簿。三、營建業：日記簿、總分類帳、在建工程明細帳、施工日報表、其他必要之補助帳簿。四、勞務業及其他各業：日記簿、總分類帳、營運量紀錄簿、其他必要之補助帳簿。五、免用統一發票之小規模營利事業：簡易日記簿。（稅捐稽徵機關管理營利事業會計帳簿憑證辦法第2條及第5條）
156,1121002,營利事業會計帳簿憑證應如何管理,會計帳簿應保存多久？,除有關未結會計事項者外，應於會計年度決算程序終了後，至少保存10年，但因不可抗力之災害而毀損或滅失，報經主管稽徵機關查明屬實者，不在此限。（稅捐稽徵機關管理營利事業會計帳簿憑證辦法第26條） 
157,1121002,營利事業會計帳簿憑證應如何管理,會計憑證應保存多久？       ,除應永久保存或有關未結會計事項者外，應於會計年度決算程序終了後，至少保存5年。（稅捐稽徵機關管理營利事業會計帳簿憑證辦法第27條）
158,1121002,營利事業會計帳簿憑證應如何管理,遺失統一發票購票證，應如何處理？,應即日將該購票證號碼申報主管稽徵機關核備，並請領新證。（統一發票使用辦法第6條）
159,1121002,營利事業會計帳簿憑證應如何管理,如何使用電子方式處理會計資料？,營利事業如果使用電子方式處理會計資料，應依商業會計法第40條及商業使用電子方式處理會計資料辦法之規定辦理。（稅捐稽徵機關管理營利事業會計帳簿憑證辦法第9條）
160,1121002,營利事業會計帳簿憑證應如何管理,營業人使用收銀機開立統一發票，發票存根聯如何保存？,營業人使用之收銀機具媒體儲存發票存根聯資料功能者，得以該項媒體資料代替發票存根聯依規定年限保存。此外，營業人符合下列條件者，其經營零售業務部門所開立之收銀機發票存根聯，得報經營業稅主管稽徵機關核准後於各該期營業稅報繳後屆滿9個月銷燬，並以收銀機日報表及統一發票明細表存查聯代替，依規定年限保存：一、無積欠已確定之營利事業所得稅及罰鍰。二、會計制度健全，內部稽核與內部控制訂有管理或管制措施規範者。三、當年度營利事業所得稅結算申報，委託會計師查核簽證申報，或經核准使用藍色申報書者。四、最近半年內，總分支機構合計平均每月使用二聯式收銀機統一發票達50000份以上者。（財政部101.6.4台財稅字第10100565330號函）
